year,state,selected_set_claims,lybalvi_claims,selected_set_observed_prescribers,lybalvi_observed_prescribers,observed_selected_set_share
2023,AK,25100,42,342,2,0.0016733067729083665
2023,AL,254282,841,2479,28,0.0033073516804178037
2023,AR,152257,99,1849,7,0.000650216410411344
2023,AZ,239723,704,2836,24,0.0029367228008993712
2023,CA,1288735,3589,14812,147,0.0027849014731500268
2023,CO,170194,234,2462,16,0.0013749015828995147
2023,CT,201106,481,2152,25,0.0023917734925859996
2023,DC,20647,63,283,4,0.0030512907444180753
2023,DE,42531,423,533,18,0.009945686675601325
2023,FL,1013999,2747,10659,119,0.0027090756499759863
2023,GA,453856,731,4179,27,0.0016106430233377989
2023,HI,30572,172,414,9,0.0056260630642417896
2023,IA,175875,1767,1833,50,0.010046908315565033
2023,ID,80509,232,1045,11,0.0028816654038678904
2023,IL,520584,962,5089,49,0.0018479246384829346
2023,IN,273973,1124,3236,53,0.0041025940512386255
2023,KS,140978,560,1578,29,0.003972250989516095
2023,KY,250936,539,3226,27,0.0021479580450792235
2023,LA,259964,767,2836,38,0.0029504085181025065
2023,MA,439480,459,4668,26,0.0010444161281514517
2023,MD,225728,368,2781,21,0.0016302806918060675
2023,ME,71117,143,1009,7,0.002010770983027968
2023,MI,521087,1216,5819,51,0.0023335834515157737
2023,MN,319020,1048,3283,46,0.0032850604977744343
2023,MO,381425,2332,3315,70,0.006113914924297044
2023,MS,164540,169,1624,11,0.0010271058709128479
2023,MT,56272,27,708,2,0.0004798123400625533
2023,NC,424034,1367,5485,65,0.003223798091662461
2023,ND,43379,48,493,3,0.0011065261993130316
2023,NE,103634,639,1183,23,0.006165930100160179
2023,NH,75475,321,930,11,0.00425306392845313
2023,NJ,352166,737,3740,32,0.002092763071960382
2023,NM,59013,243,889,11,0.004117736769864267
2023,NV,81909,149,1073,8,0.0018190919190809313
2023,NY,1012802,2102,10758,89,0.002075430340777368
2023,OH,630877,1957,6287,95,0.003102030982267542
2023,OK,153008,909,1760,21,0.005940865837080414
2023,OR,178226,290,2740,17,0.0016271475542289004
2023,PA,777927,1197,7540,60,0.0015387047884955786
2023,RI,77032,184,772,8,0.002388617717312286
2023,SC,206667,372,2711,15,0.0017999970967788762
2023,SD,43723,294,551,11,0.0067241497609953575
2023,TN,372485,617,4024,35,0.0016564425413103884
2023,TX,753615,3340,9622,97,0.0044319712319951165
2023,UT,93226,206,1393,10,0.0022096839937356533
2023,VA,294211,413,3730,19,0.0014037544483380974
2023,VT,34009,0,463,0,0.0
2023,WA,312484,419,4154,19,0.0013408686524750068
2023,WI,315685,1369,3381,49,0.004336601358949586
2023,WV,106980,60,1160,4,0.0005608524957936063
2023,WY,18578,62,294,4,0.0033372806545376252
2024,AK,25085,27,359,1,0.0010763404424955153
2024,AL,264830,1097,2646,44,0.0041422799531775105
2024,AR,161971,280,1952,15,0.0017287045211797174
2024,AZ,253943,1031,3040,33,0.004059966212890294
2024,CA,1307188,5299,15393,219,0.0040537397834129445
2024,CO,172127,527,2617,30,0.003061692819836516
2024,CT,209103,498,2177,29,0.002381601411744451
2024,DC,22284,87,308,4,0.0039041464728056005
2024,DE,43633,510,545,20,0.011688400980908946
2024,FL,1061316,3612,11317,155,0.0034033219135488394
2024,GA,477913,1179,4507,46,0.00246697620696654
2024,HI,30338,247,432,14,0.008141604588305096
2024,IA,183657,1786,1941,57,0.009724649754705782
2024,ID,85830,421,1092,25,0.004905044856110917
2024,IL,565683,1445,5433,59,0.0025544341972447465
2024,IN,287949,1927,3410,76,0.006692157291742635
2024,KS,152567,860,1663,40,0.005636867736797604
2024,KY,268438,937,3456,52,0.003490563929100947
2024,LA,271095,1109,2993,52,0.004090816872314134
2024,MA,448244,777,4758,46,0.001733430899242377
2024,MD,245202,574,3079,30,0.002340927072372982
2024,ME,73033,133,1089,9,0.001821094573685868
2024,MI,550084,1929,6249,79,0.0035067371528711977
2024,MN,341942,1325,3462,60,0.003874926157067573
2024,MO,403608,2566,3524,84,0.00635765396126935
2024,MS,175589,296,1723,16,0.0016857548024078958
2024,MT,60858,36,725,2,0.0005915409642117716
2024,NC,446703,2316,5844,104,0.0051846528901753515
2024,ND,44205,207,518,13,0.004682728198167628
2024,NE,107951,929,1240,32,0.008605756315365304
2024,NH,78460,546,944,19,0.006958959979607444
2024,NJ,374363,1416,3991,57,0.0037824250794015433
2024,NM,61535,255,919,13,0.004143983099049321
2024,NV,88550,228,1193,13,0.002574816487859966
2024,NY,1043400,3372,11247,128,0.003231742380678551
2024,OH,634245,2556,6689,123,0.0040299884114183004
2024,OK,161068,1325,1921,26,0.00822633918593389
2024,OR,190207,397,2830,22,0.002087199735025525
2024,PA,807023,1618,7812,83,0.002004899488614327
2024,RI,80271,237,817,13,0.002952498411630601
2024,SC,221773,602,2889,27,0.0027144873361500273
2024,SD,46501,448,592,17,0.009634201415023334
2024,TN,377996,774,4255,43,0.00204764071577477
2024,TX,775599,5273,10366,139,0.006798616295276296
2024,UT,104535,304,1515,15,0.0029081168986463866
2024,VA,315903,664,4155,35,0.002101911029651507
2024,VT,34324,17,490,1,0.0004952802703647594
2024,WA,331658,775,4458,35,0.0023367444777451472
2024,WI,334219,1999,3506,72,0.005981108195524491
2024,WV,109944,163,1223,9,0.0014825729462271701
2024,WY,19885,154,325,8,0.007744531053557958
